8-10万/年,python开发工程师,武汉-江夏区
20-30万/年,华为德科联合招聘Java Python AI工程师,上海-浦东新区
0.8-1.6万/月,数据分析师（Python线索采集）,上海-嘉定区
1.3-2.5万/月,后台开发工程师-Java Python,深圳-南山区
1.2-2.4万/月,Python开发工程师,上海-杨浦区
1.5-3万/月,Python开发工程师,上海
0.7-1万/月,Python开发工程师,上海-浦东新区
0.8-1.2万/月,Python开发工程师,异地招聘
0.5-1.5万/月,Python高级开发工程师,武汉-江汉区
0.8-1.3万/月,python爬虫工程师,武汉-洪山区
0.8-1.2万/月,Python开发测试工程师,上海-浦东新区
1-1.6万/月,Python开发工程师,上海-浦东新区
0.7-1.3万/月,Python开发工程师,广州-番禺区
1-1.5万/月,Python开发工程师 (Linux熟练）,上海-闵行区
1.3-1.8万/月,Python开发工程师,上海-闵行区
1-1.5万/月,python服务端工程师,广州-天河区
0.7-1万/月,python开发工程师,上海-松江区
1-1.5万/月,python爬虫开发工程师,深圳-南山区
1-1.5万/月,Python开发工程师,上海
1-1.5万/月,Python开发工程师,深圳-龙岗区
,Python开发工程师,上海
1-2万/月,Python开发工程师,异地招聘
0.8-1.5万/月,高学历人才储备（Python开发经理）,武汉-汉阳区
1-1.5万/月,Python工程师   西丽,深圳-南山区
1.1-1.7万/月,Python开发工程师,广州-番禺区
,软件测试（C、Python）工程师,上海
1-2万/月,Python开发工程师,上海
1.2-2.5万/月,高级Python开发,深圳-龙岗区
1-1.5万/月,Python开发人员,上海-松江区
2.5-4万/月,Python开发工程师 - 变现业务,北京
3-5.5千/月,python开发实习生,武汉-洪山区
0.8-1.5万/月,python,上海-徐汇区
1.5-2万/月,Python 开发工程师,深圳
1.5-2万/月,Python工程师,上海-浦东新区
0.8-1.5万/月,Python开发工程师,武汉-洪山区
1.1-2万/月,Python 后台开发工程师,上海-徐汇区
0.6-1.6万/月,Python/Odoo开发工程师,上海
1-2万/月,Python后端开发工程师,北京-朝阳区
1-1.5万/月,Python数据分析工程师,上海-浦东新区
1-2万/月,Python开发工程师,广州-海珠区
6-8千/月,Python编程教师,北京-通州区
0.8-1.5万/月,Python数据分析师,上海-闵行区
2-2.5万/月,Python开发经理,上海-浦东新区
2.5-3万/月,Python工程师,北京
1-1.5万/月,Python开发工程师（广州）,广州-天河区
0.7-1.5万/月,Python开发工程师,异地招聘
1-1.5万/月,python后台开发工程师,上海-普陀区
0.8-1.2万/月,Python开发工程师,武汉-洪山区
1.5-3万/月,Python高级开发工程师,上海-闵行区
1-1.5万/月,Python数据分析师,上海
0.7-1.5万/月,Python开发/深度学习,上海-普陀区
8-10万/年,python开发工程师,武汉-江夏区
20-30万/年,华为德科联合招聘Java Python AI工程师,上海-浦东新区
0.8-1.6万/月,数据分析师（Python线索采集）,上海-嘉定区
1.3-2.5万/月,后台开发工程师-Java Python,深圳-南山区
1.2-2.4万/月,Python开发工程师,上海-杨浦区
1.5-3万/月,Python开发工程师,上海
0.7-1万/月,Python开发工程师,上海-浦东新区
0.8-1.2万/月,Python开发工程师,异地招聘
0.5-1.5万/月,Python高级开发工程师,武汉-江汉区
0.8-1.3万/月,python爬虫工程师,武汉-洪山区
0.8-1.2万/月,Python开发测试工程师,上海-浦东新区
1-1.6万/月,Python开发工程师,上海-浦东新区
0.7-1.3万/月,Python开发工程师,广州-番禺区
1-1.5万/月,Python开发工程师 (Linux熟练）,上海-闵行区
1.3-1.8万/月,Python开发工程师,上海-闵行区
1-1.5万/月,python服务端工程师,广州-天河区
0.7-1万/月,python开发工程师,上海-松江区
1-1.5万/月,python爬虫开发工程师,深圳-南山区
1-1.5万/月,Python开发工程师,上海
1-1.5万/月,Python开发工程师,深圳-龙岗区
,Python开发工程师,上海
1-2万/月,Python开发工程师,异地招聘
0.8-1.5万/月,高学历人才储备（Python开发经理）,武汉-汉阳区
1-1.5万/月,Python工程师   西丽,深圳-南山区
1.1-1.7万/月,Python开发工程师,广州-番禺区
,软件测试（C、Python）工程师,上海
1-2万/月,Python开发工程师,上海
1.2-2.5万/月,高级Python开发,深圳-龙岗区
1-1.5万/月,Python开发人员,上海-松江区
2.5-4万/月,Python开发工程师 - 变现业务,北京
3-5.5千/月,python开发实习生,武汉-洪山区
0.8-1.5万/月,python,上海-徐汇区
1.5-2万/月,Python 开发工程师,深圳
1.5-2万/月,Python工程师,上海-浦东新区
0.8-1.5万/月,Python开发工程师,武汉-洪山区
1.1-2万/月,Python 后台开发工程师,上海-徐汇区
0.6-1.6万/月,Python/Odoo开发工程师,上海
1-2万/月,Python后端开发工程师,北京-朝阳区
1-1.5万/月,Python数据分析工程师,上海-浦东新区
1-2万/月,Python开发工程师,广州-海珠区
6-8千/月,Python编程教师,北京-通州区
0.8-1.5万/月,Python数据分析师,上海-闵行区
2-2.5万/月,Python开发经理,上海-浦东新区
2.5-3万/月,Python工程师,北京
1-1.5万/月,Python开发工程师（广州）,广州-天河区
0.7-1.5万/月,Python开发工程师,异地招聘
1-1.5万/月,python后台开发工程师,上海-普陀区
0.8-1.2万/月,Python开发工程师,武汉-洪山区
1.5-3万/月,Python高级开发工程师,上海-闵行区
1-1.5万/月,Python数据分析师,上海
0.7-1.5万/月,Python开发/深度学习,上海-普陀区
8-10万/年,python开发工程师,武汉-江夏区
20-30万/年,华为德科联合招聘Java Python AI工程师,上海-浦东新区
0.8-1.6万/月,数据分析师（Python线索采集）,上海-嘉定区
1.3-2.5万/月,后台开发工程师-Java Python,深圳-南山区
1.2-2.4万/月,Python开发工程师,上海-杨浦区
1.5-3万/月,Python开发工程师,上海
0.7-1万/月,Python开发工程师,上海-浦东新区
0.8-1.2万/月,Python开发工程师,异地招聘
0.5-1.5万/月,Python高级开发工程师,武汉-江汉区
0.8-1.3万/月,python爬虫工程师,武汉-洪山区
0.8-1.2万/月,Python开发测试工程师,上海-浦东新区
1-1.6万/月,Python开发工程师,上海-浦东新区
0.7-1.3万/月,Python开发工程师,广州-番禺区
1-1.5万/月,Python开发工程师 (Linux熟练）,上海-闵行区
1.3-1.8万/月,Python开发工程师,上海-闵行区
1-1.5万/月,python服务端工程师,广州-天河区
0.7-1万/月,python开发工程师,上海-松江区
1-1.5万/月,python爬虫开发工程师,深圳-南山区
1-1.5万/月,Python开发工程师,上海
1-1.5万/月,Python开发工程师,深圳-龙岗区
,Python开发工程师,上海
1-2万/月,Python开发工程师,异地招聘
0.8-1.5万/月,高学历人才储备（Python开发经理）,武汉-汉阳区
1-1.5万/月,Python工程师   西丽,深圳-南山区
1.1-1.7万/月,Python开发工程师,广州-番禺区
,软件测试（C、Python）工程师,上海
1-2万/月,Python开发工程师,上海
1.2-2.5万/月,高级Python开发,深圳-龙岗区
1-1.5万/月,Python开发人员,上海-松江区
2.5-4万/月,Python开发工程师 - 变现业务,北京
3-5.5千/月,python开发实习生,武汉-洪山区
0.8-1.5万/月,python,上海-徐汇区
1.5-2万/月,Python 开发工程师,深圳
1.5-2万/月,Python工程师,上海-浦东新区
0.8-1.5万/月,Python开发工程师,武汉-洪山区
1.1-2万/月,Python 后台开发工程师,上海-徐汇区
0.6-1.6万/月,Python/Odoo开发工程师,上海
1-2万/月,Python后端开发工程师,北京-朝阳区
1-1.5万/月,Python数据分析工程师,上海-浦东新区
1-2万/月,Python开发工程师,广州-海珠区
6-8千/月,Python编程教师,北京-通州区
0.8-1.5万/月,Python数据分析师,上海-闵行区
2-2.5万/月,Python开发经理,上海-浦东新区
2.5-3万/月,Python工程师,北京
1-1.5万/月,Python开发工程师（广州）,广州-天河区
0.7-1.5万/月,Python开发工程师,异地招聘
1-1.5万/月,python后台开发工程师,上海-普陀区
0.8-1.2万/月,Python开发工程师,武汉-洪山区
1.5-3万/月,Python高级开发工程师,上海-闵行区
1-1.5万/月,Python数据分析师,上海
0.7-1.5万/月,Python开发/深度学习,上海-普陀区
8-10万/年,python开发工程师,武汉-江夏区
20-30万/年,华为德科联合招聘Java Python AI工程师,上海-浦东新区
0.8-1.6万/月,数据分析师（Python线索采集）,上海-嘉定区
1.3-2.5万/月,后台开发工程师-Java Python,深圳-南山区
1.2-2.4万/月,Python开发工程师,上海-杨浦区
1.5-3万/月,Python开发工程师,上海
0.7-1万/月,Python开发工程师,上海-浦东新区
0.8-1.2万/月,Python开发工程师,异地招聘
0.5-1.5万/月,Python高级开发工程师,武汉-江汉区
0.8-1.3万/月,python爬虫工程师,武汉-洪山区
0.8-1.2万/月,Python开发测试工程师,上海-浦东新区
1-1.6万/月,Python开发工程师,上海-浦东新区
0.7-1.3万/月,Python开发工程师,广州-番禺区
1-1.5万/月,Python开发工程师 (Linux熟练）,上海-闵行区
1.3-1.8万/月,Python开发工程师,上海-闵行区
1-1.5万/月,python服务端工程师,广州-天河区
0.7-1万/月,python开发工程师,上海-松江区
1-1.5万/月,python爬虫开发工程师,深圳-南山区
1-1.5万/月,Python开发工程师,上海
1-1.5万/月,Python开发工程师,深圳-龙岗区
,Python开发工程师,上海
1-2万/月,Python开发工程师,异地招聘
0.8-1.5万/月,高学历人才储备（Python开发经理）,武汉-汉阳区
1-1.5万/月,Python工程师   西丽,深圳-南山区
1.1-1.7万/月,Python开发工程师,广州-番禺区
,软件测试（C、Python）工程师,上海
1-2万/月,Python开发工程师,上海
1.2-2.5万/月,高级Python开发,深圳-龙岗区
1-1.5万/月,Python开发人员,上海-松江区
2.5-4万/月,Python开发工程师 - 变现业务,北京
3-5.5千/月,python开发实习生,武汉-洪山区
0.8-1.5万/月,python,上海-徐汇区
1.5-2万/月,Python 开发工程师,深圳
1.5-2万/月,Python工程师,上海-浦东新区
0.8-1.5万/月,Python开发工程师,武汉-洪山区
1.1-2万/月,Python 后台开发工程师,上海-徐汇区
0.6-1.6万/月,Python/Odoo开发工程师,上海
1-2万/月,Python后端开发工程师,北京-朝阳区
1-1.5万/月,Python数据分析工程师,上海-浦东新区
1-2万/月,Python开发工程师,广州-海珠区
6-8千/月,Python编程教师,北京-通州区
0.8-1.5万/月,Python数据分析师,上海-闵行区
2-2.5万/月,Python开发经理,上海-浦东新区
2.5-3万/月,Python工程师,北京
1-1.5万/月,Python开发工程师（广州）,广州-天河区
0.7-1.5万/月,Python开发工程师,异地招聘
1-1.5万/月,python后台开发工程师,上海-普陀区
0.8-1.2万/月,Python开发工程师,武汉-洪山区
1.5-3万/月,Python高级开发工程师,上海-闵行区
1-1.5万/月,Python数据分析师,上海
0.7-1.5万/月,Python开发/深度学习,上海-普陀区
8-10万/年,python开发工程师,武汉-江夏区
20-30万/年,华为德科联合招聘Java Python AI工程师,上海-浦东新区
0.8-1.6万/月,数据分析师（Python线索采集）,上海-嘉定区
1.3-2.5万/月,后台开发工程师-Java Python,深圳-南山区
1.2-2.4万/月,Python开发工程师,上海-杨浦区
1.5-3万/月,Python开发工程师,上海
0.7-1万/月,Python开发工程师,上海-浦东新区
0.8-1.2万/月,Python开发工程师,异地招聘
0.5-1.5万/月,Python高级开发工程师,武汉-江汉区
0.8-1.3万/月,python爬虫工程师,武汉-洪山区
0.8-1.2万/月,Python开发测试工程师,上海-浦东新区
1-1.6万/月,Python开发工程师,上海-浦东新区
0.7-1.3万/月,Python开发工程师,广州-番禺区
1-1.5万/月,Python开发工程师 (Linux熟练）,上海-闵行区
1.3-1.8万/月,Python开发工程师,上海-闵行区
1-1.5万/月,python服务端工程师,广州-天河区
0.7-1万/月,python开发工程师,上海-松江区
1-1.5万/月,python爬虫开发工程师,深圳-南山区
1-1.5万/月,Python开发工程师,上海
1-1.5万/月,Python开发工程师,深圳-龙岗区
,Python开发工程师,上海
1-2万/月,Python开发工程师,异地招聘
0.8-1.5万/月,高学历人才储备（Python开发经理）,武汉-汉阳区
1-1.5万/月,Python工程师   西丽,深圳-南山区
1.1-1.7万/月,Python开发工程师,广州-番禺区
,软件测试（C、Python）工程师,上海
1-2万/月,Python开发工程师,上海
1.2-2.5万/月,高级Python开发,深圳-龙岗区
1-1.5万/月,Python开发人员,上海-松江区
2.5-4万/月,Python开发工程师 - 变现业务,北京
3-5.5千/月,python开发实习生,武汉-洪山区
0.8-1.5万/月,python,上海-徐汇区
1.5-2万/月,Python 开发工程师,深圳
1.5-2万/月,Python工程师,上海-浦东新区
0.8-1.5万/月,Python开发工程师,武汉-洪山区
1.1-2万/月,Python 后台开发工程师,上海-徐汇区
0.6-1.6万/月,Python/Odoo开发工程师,上海
1-2万/月,Python后端开发工程师,北京-朝阳区
1-1.5万/月,Python数据分析工程师,上海-浦东新区
1-2万/月,Python开发工程师,广州-海珠区
6-8千/月,Python编程教师,北京-通州区
0.8-1.5万/月,Python数据分析师,上海-闵行区
2-2.5万/月,Python开发经理,上海-浦东新区
2.5-3万/月,Python工程师,北京
1-1.5万/月,Python开发工程师（广州）,广州-天河区
0.7-1.5万/月,Python开发工程师,异地招聘
1-1.5万/月,python后台开发工程师,上海-普陀区
0.8-1.2万/月,Python开发工程师,武汉-洪山区
1.5-3万/月,Python高级开发工程师,上海-闵行区
1-1.5万/月,Python数据分析师,上海
0.7-1.5万/月,Python开发/深度学习,上海-普陀区
8-10万/年,python开发工程师,武汉-江夏区
20-30万/年,华为德科联合招聘Java Python AI工程师,上海-浦东新区
0.8-1.6万/月,数据分析师（Python线索采集）,上海-嘉定区
1.3-2.5万/月,后台开发工程师-Java Python,深圳-南山区
1.2-2.4万/月,Python开发工程师,上海-杨浦区
1.5-3万/月,Python开发工程师,上海
0.7-1万/月,Python开发工程师,上海-浦东新区
0.8-1.2万/月,Python开发工程师,异地招聘
0.5-1.5万/月,Python高级开发工程师,武汉-江汉区
0.8-1.3万/月,python爬虫工程师,武汉-洪山区
0.8-1.2万/月,Python开发测试工程师,上海-浦东新区
1-1.6万/月,Python开发工程师,上海-浦东新区
0.7-1.3万/月,Python开发工程师,广州-番禺区
1-1.5万/月,Python开发工程师 (Linux熟练）,上海-闵行区
1.3-1.8万/月,Python开发工程师,上海-闵行区
1-1.5万/月,python服务端工程师,广州-天河区
0.7-1万/月,python开发工程师,上海-松江区
1-1.5万/月,python爬虫开发工程师,深圳-南山区
1-1.5万/月,Python开发工程师,上海
1-1.5万/月,Python开发工程师,深圳-龙岗区
,Python开发工程师,上海
1-2万/月,Python开发工程师,异地招聘
0.8-1.5万/月,高学历人才储备（Python开发经理）,武汉-汉阳区
1-1.5万/月,Python工程师   西丽,深圳-南山区
1.1-1.7万/月,Python开发工程师,广州-番禺区
,软件测试（C、Python）工程师,上海
1-2万/月,Python开发工程师,上海
1.2-2.5万/月,高级Python开发,深圳-龙岗区
1-1.5万/月,Python开发人员,上海-松江区
2.5-4万/月,Python开发工程师 - 变现业务,北京
3-5.5千/月,python开发实习生,武汉-洪山区
0.8-1.5万/月,python,上海-徐汇区
1.5-2万/月,Python 开发工程师,深圳
1.5-2万/月,Python工程师,上海-浦东新区
0.8-1.5万/月,Python开发工程师,武汉-洪山区
1.1-2万/月,Python 后台开发工程师,上海-徐汇区
0.6-1.6万/月,Python/Odoo开发工程师,上海
1-2万/月,Python后端开发工程师,北京-朝阳区
1-1.5万/月,Python数据分析工程师,上海-浦东新区
1-2万/月,Python开发工程师,广州-海珠区
6-8千/月,Python编程教师,北京-通州区
0.8-1.5万/月,Python数据分析师,上海-闵行区
2-2.5万/月,Python开发经理,上海-浦东新区
2.5-3万/月,Python工程师,北京
1-1.5万/月,Python开发工程师（广州）,广州-天河区
0.7-1.5万/月,Python开发工程师,异地招聘
1-1.5万/月,python后台开发工程师,上海-普陀区
0.8-1.2万/月,Python开发工程师,武汉-洪山区
1.5-3万/月,Python高级开发工程师,上海-闵行区
1-1.5万/月,Python数据分析师,上海
0.7-1.5万/月,Python开发/深度学习,上海-普陀区
8-10万/年,python开发工程师,武汉-江夏区
20-30万/年,华为德科联合招聘Java Python AI工程师,上海-浦东新区
0.8-1.6万/月,数据分析师（Python线索采集）,上海-嘉定区
1.3-2.5万/月,后台开发工程师-Java Python,深圳-南山区
1.2-2.4万/月,Python开发工程师,上海-杨浦区
1.5-3万/月,Python开发工程师,上海
0.7-1万/月,Python开发工程师,上海-浦东新区
0.8-1.2万/月,Python开发工程师,异地招聘
0.5-1.5万/月,Python高级开发工程师,武汉-江汉区
0.8-1.3万/月,python爬虫工程师,武汉-洪山区
0.8-1.2万/月,Python开发测试工程师,上海-浦东新区
1-1.6万/月,Python开发工程师,上海-浦东新区
0.7-1.3万/月,Python开发工程师,广州-番禺区
1-1.5万/月,Python开发工程师 (Linux熟练）,上海-闵行区
1.3-1.8万/月,Python开发工程师,上海-闵行区
1-1.5万/月,python服务端工程师,广州-天河区
0.7-1万/月,python开发工程师,上海-松江区
1-1.5万/月,python爬虫开发工程师,深圳-南山区
1-1.5万/月,Python开发工程师,上海
1-1.5万/月,Python开发工程师,深圳-龙岗区
,Python开发工程师,上海
1-2万/月,Python开发工程师,异地招聘
0.8-1.5万/月,高学历人才储备（Python开发经理）,武汉-汉阳区
1-1.5万/月,Python工程师   西丽,深圳-南山区
1.1-1.7万/月,Python开发工程师,广州-番禺区
,软件测试（C、Python）工程师,上海
1-2万/月,Python开发工程师,上海
1.2-2.5万/月,高级Python开发,深圳-龙岗区
1-1.5万/月,Python开发人员,上海-松江区
2.5-4万/月,Python开发工程师 - 变现业务,北京
3-5.5千/月,python开发实习生,武汉-洪山区
0.8-1.5万/月,python,上海-徐汇区
1.5-2万/月,Python 开发工程师,深圳
1.5-2万/月,Python工程师,上海-浦东新区
0.8-1.5万/月,Python开发工程师,武汉-洪山区
1.1-2万/月,Python 后台开发工程师,上海-徐汇区
0.6-1.6万/月,Python/Odoo开发工程师,上海
1-2万/月,Python后端开发工程师,北京-朝阳区
1-1.5万/月,Python数据分析工程师,上海-浦东新区
1-2万/月,Python开发工程师,广州-海珠区
6-8千/月,Python编程教师,北京-通州区
0.8-1.5万/月,Python数据分析师,上海-闵行区
2-2.5万/月,Python开发经理,上海-浦东新区
2.5-3万/月,Python工程师,北京
1-1.5万/月,Python开发工程师（广州）,广州-天河区
0.7-1.5万/月,Python开发工程师,异地招聘
1-1.5万/月,python后台开发工程师,上海-普陀区
0.8-1.2万/月,Python开发工程师,武汉-洪山区
1.5-3万/月,Python高级开发工程师,上海-闵行区
1-1.5万/月,Python数据分析师,上海
0.7-1.5万/月,Python开发/深度学习,上海-普陀区
8-10万/年,python开发工程师,武汉-江夏区
20-30万/年,华为德科联合招聘Java Python AI工程师,上海-浦东新区
0.8-1.6万/月,数据分析师（Python线索采集）,上海-嘉定区
1.3-2.5万/月,后台开发工程师-Java Python,深圳-南山区
1.2-2.4万/月,Python开发工程师,上海-杨浦区
1.5-3万/月,Python开发工程师,上海
0.7-1万/月,Python开发工程师,上海-浦东新区
0.8-1.2万/月,Python开发工程师,异地招聘
0.5-1.5万/月,Python高级开发工程师,武汉-江汉区
0.8-1.3万/月,python爬虫工程师,武汉-洪山区
0.8-1.2万/月,Python开发测试工程师,上海-浦东新区
1-1.6万/月,Python开发工程师,上海-浦东新区
0.7-1.3万/月,Python开发工程师,广州-番禺区
1-1.5万/月,Python开发工程师 (Linux熟练）,上海-闵行区
1.3-1.8万/月,Python开发工程师,上海-闵行区
1-1.5万/月,python服务端工程师,广州-天河区
0.7-1万/月,python开发工程师,上海-松江区
1-1.5万/月,python爬虫开发工程师,深圳-南山区
1-1.5万/月,Python开发工程师,上海
1-1.5万/月,Python开发工程师,深圳-龙岗区
,Python开发工程师,上海
1-2万/月,Python开发工程师,异地招聘
0.8-1.5万/月,高学历人才储备（Python开发经理）,武汉-汉阳区
1-1.5万/月,Python工程师   西丽,深圳-南山区
1.1-1.7万/月,Python开发工程师,广州-番禺区
,软件测试（C、Python）工程师,上海
1-2万/月,Python开发工程师,上海
1.2-2.5万/月,高级Python开发,深圳-龙岗区
1-1.5万/月,Python开发人员,上海-松江区
2.5-4万/月,Python开发工程师 - 变现业务,北京
3-5.5千/月,python开发实习生,武汉-洪山区
0.8-1.5万/月,python,上海-徐汇区
1.5-2万/月,Python 开发工程师,深圳
1.5-2万/月,Python工程师,上海-浦东新区
0.8-1.5万/月,Python开发工程师,武汉-洪山区
1.1-2万/月,Python 后台开发工程师,上海-徐汇区
0.6-1.6万/月,Python/Odoo开发工程师,上海
1-2万/月,Python后端开发工程师,北京-朝阳区
1-1.5万/月,Python数据分析工程师,上海-浦东新区
1-2万/月,Python开发工程师,广州-海珠区
6-8千/月,Python编程教师,北京-通州区
0.8-1.5万/月,Python数据分析师,上海-闵行区
2-2.5万/月,Python开发经理,上海-浦东新区
2.5-3万/月,Python工程师,北京
1-1.5万/月,Python开发工程师（广州）,广州-天河区
0.7-1.5万/月,Python开发工程师,异地招聘
1-1.5万/月,python后台开发工程师,上海-普陀区
0.8-1.2万/月,Python开发工程师,武汉-洪山区
1.5-3万/月,Python高级开发工程师,上海-闵行区
1-1.5万/月,Python数据分析师,上海
0.7-1.5万/月,Python开发/深度学习,上海-普陀区
8-10万/年,python开发工程师,武汉-江夏区
20-30万/年,华为德科联合招聘Java Python AI工程师,上海-浦东新区
0.8-1.6万/月,数据分析师（Python线索采集）,上海-嘉定区
1.3-2.5万/月,后台开发工程师-Java Python,深圳-南山区
1.2-2.4万/月,Python开发工程师,上海-杨浦区
1.5-3万/月,Python开发工程师,上海
0.7-1万/月,Python开发工程师,上海-浦东新区
0.8-1.2万/月,Python开发工程师,异地招聘
0.5-1.5万/月,Python高级开发工程师,武汉-江汉区
0.8-1.3万/月,python爬虫工程师,武汉-洪山区
0.8-1.2万/月,Python开发测试工程师,上海-浦东新区
1-1.6万/月,Python开发工程师,上海-浦东新区
0.7-1.3万/月,Python开发工程师,广州-番禺区
1-1.5万/月,Python开发工程师 (Linux熟练）,上海-闵行区
1.3-1.8万/月,Python开发工程师,上海-闵行区
1-1.5万/月,python服务端工程师,广州-天河区
0.7-1万/月,python开发工程师,上海-松江区
1-1.5万/月,python爬虫开发工程师,深圳-南山区
1-1.5万/月,Python开发工程师,上海
1-1.5万/月,Python开发工程师,深圳-龙岗区
,Python开发工程师,上海
1-2万/月,Python开发工程师,异地招聘
0.8-1.5万/月,高学历人才储备（Python开发经理）,武汉-汉阳区
1-1.5万/月,Python工程师   西丽,深圳-南山区
1.1-1.7万/月,Python开发工程师,广州-番禺区
,软件测试（C、Python）工程师,上海
1-2万/月,Python开发工程师,上海
1.2-2.5万/月,高级Python开发,深圳-龙岗区
1-1.5万/月,Python开发人员,上海-松江区
2.5-4万/月,Python开发工程师 - 变现业务,北京
3-5.5千/月,python开发实习生,武汉-洪山区
0.8-1.5万/月,python,上海-徐汇区
1.5-2万/月,Python 开发工程师,深圳
1.5-2万/月,Python工程师,上海-浦东新区
0.8-1.5万/月,Python开发工程师,武汉-洪山区
1.1-2万/月,Python 后台开发工程师,上海-徐汇区
0.6-1.6万/月,Python/Odoo开发工程师,上海
1-2万/月,Python后端开发工程师,北京-朝阳区
1-1.5万/月,Python数据分析工程师,上海-浦东新区
1-2万/月,Python开发工程师,广州-海珠区
6-8千/月,Python编程教师,北京-通州区
0.8-1.5万/月,Python数据分析师,上海-闵行区
2-2.5万/月,Python开发经理,上海-浦东新区
2.5-3万/月,Python工程师,北京
1-1.5万/月,Python开发工程师（广州）,广州-天河区
0.7-1.5万/月,Python开发工程师,异地招聘
1-1.5万/月,python后台开发工程师,上海-普陀区
0.8-1.2万/月,Python开发工程师,武汉-洪山区
1.5-3万/月,Python高级开发工程师,上海-闵行区
1-1.5万/月,Python数据分析师,上海
0.7-1.5万/月,Python开发/深度学习,上海-普陀区
8-10万/年,python开发工程师,武汉-江夏区
20-30万/年,华为德科联合招聘Java Python AI工程师,上海-浦东新区
0.8-1.6万/月,数据分析师（Python线索采集）,上海-嘉定区
1.3-2.5万/月,后台开发工程师-Java Python,深圳-南山区
1.2-2.4万/月,Python开发工程师,上海-杨浦区
1.5-3万/月,Python开发工程师,上海
0.7-1万/月,Python开发工程师,上海-浦东新区
0.8-1.2万/月,Python开发工程师,异地招聘
0.5-1.5万/月,Python高级开发工程师,武汉-江汉区
0.8-1.3万/月,python爬虫工程师,武汉-洪山区
0.8-1.2万/月,Python开发测试工程师,上海-浦东新区
1-1.6万/月,Python开发工程师,上海-浦东新区
0.7-1.3万/月,Python开发工程师,广州-番禺区
1-1.5万/月,Python开发工程师 (Linux熟练）,上海-闵行区
1.3-1.8万/月,Python开发工程师,上海-闵行区
1-1.5万/月,python服务端工程师,广州-天河区
0.7-1万/月,python开发工程师,上海-松江区
1-1.5万/月,python爬虫开发工程师,深圳-南山区
1-1.5万/月,Python开发工程师,上海
1-1.5万/月,Python开发工程师,深圳-龙岗区
,Python开发工程师,上海
1-2万/月,Python开发工程师,异地招聘
0.8-1.5万/月,高学历人才储备（Python开发经理）,武汉-汉阳区
1-1.5万/月,Python工程师   西丽,深圳-南山区
1.1-1.7万/月,Python开发工程师,广州-番禺区
,软件测试（C、Python）工程师,上海
1-2万/月,Python开发工程师,上海
1.2-2.5万/月,高级Python开发,深圳-龙岗区
1-1.5万/月,Python开发人员,上海-松江区
2.5-4万/月,Python开发工程师 - 变现业务,北京
3-5.5千/月,python开发实习生,武汉-洪山区
0.8-1.5万/月,python,上海-徐汇区
1.5-2万/月,Python 开发工程师,深圳
1.5-2万/月,Python工程师,上海-浦东新区
0.8-1.5万/月,Python开发工程师,武汉-洪山区
1.1-2万/月,Python 后台开发工程师,上海-徐汇区
0.6-1.6万/月,Python/Odoo开发工程师,上海
1-2万/月,Python后端开发工程师,北京-朝阳区
1-1.5万/月,Python数据分析工程师,上海-浦东新区
1-2万/月,Python开发工程师,广州-海珠区
6-8千/月,Python编程教师,北京-通州区
0.8-1.5万/月,Python数据分析师,上海-闵行区
2-2.5万/月,Python开发经理,上海-浦东新区
2.5-3万/月,Python工程师,北京
1-1.5万/月,Python开发工程师（广州）,广州-天河区
0.7-1.5万/月,Python开发工程师,异地招聘
1-1.5万/月,python后台开发工程师,上海-普陀区
0.8-1.2万/月,Python开发工程师,武汉-洪山区
1.5-3万/月,Python高级开发工程师,上海-闵行区
1-1.5万/月,Python数据分析师,上海
0.7-1.5万/月,Python开发/深度学习,上海-普陀区
8-10万/年,python开发工程师,武汉-江夏区
20-30万/年,华为德科联合招聘Java Python AI工程师,上海-浦东新区
0.8-1.6万/月,数据分析师（Python线索采集）,上海-嘉定区
1.3-2.5万/月,后台开发工程师-Java Python,深圳-南山区
1.2-2.4万/月,Python开发工程师,上海-杨浦区
1.5-3万/月,Python开发工程师,上海
0.7-1万/月,Python开发工程师,上海-浦东新区
0.8-1.2万/月,Python开发工程师,异地招聘
0.5-1.5万/月,Python高级开发工程师,武汉-江汉区
0.8-1.3万/月,python爬虫工程师,武汉-洪山区
0.8-1.2万/月,Python开发测试工程师,上海-浦东新区
1-1.6万/月,Python开发工程师,上海-浦东新区
0.7-1.3万/月,Python开发工程师,广州-番禺区
1-1.5万/月,Python开发工程师 (Linux熟练）,上海-闵行区
1.3-1.8万/月,Python开发工程师,上海-闵行区
1-1.5万/月,python服务端工程师,广州-天河区
0.7-1万/月,python开发工程师,上海-松江区
1-1.5万/月,python爬虫开发工程师,深圳-南山区
1-1.5万/月,Python开发工程师,上海
1-1.5万/月,Python开发工程师,深圳-龙岗区
,Python开发工程师,上海
1-2万/月,Python开发工程师,异地招聘
0.8-1.5万/月,高学历人才储备（Python开发经理）,武汉-汉阳区
1-1.5万/月,Python工程师   西丽,深圳-南山区
1.1-1.7万/月,Python开发工程师,广州-番禺区
,软件测试（C、Python）工程师,上海
1-2万/月,Python开发工程师,上海
1.2-2.5万/月,高级Python开发,深圳-龙岗区
1-1.5万/月,Python开发人员,上海-松江区
2.5-4万/月,Python开发工程师 - 变现业务,北京
3-5.5千/月,python开发实习生,武汉-洪山区
0.8-1.5万/月,python,上海-徐汇区
1.5-2万/月,Python 开发工程师,深圳
1.5-2万/月,Python工程师,上海-浦东新区
0.8-1.5万/月,Python开发工程师,武汉-洪山区
1.1-2万/月,Python 后台开发工程师,上海-徐汇区
0.6-1.6万/月,Python/Odoo开发工程师,上海
1-2万/月,Python后端开发工程师,北京-朝阳区
1-1.5万/月,Python数据分析工程师,上海-浦东新区
1-2万/月,Python开发工程师,广州-海珠区
6-8千/月,Python编程教师,北京-通州区
0.8-1.5万/月,Python数据分析师,上海-闵行区
2-2.5万/月,Python开发经理,上海-浦东新区
2.5-3万/月,Python工程师,北京
1-1.5万/月,Python开发工程师（广州）,广州-天河区
0.7-1.5万/月,Python开发工程师,异地招聘
1-1.5万/月,python后台开发工程师,上海-普陀区
0.8-1.2万/月,Python开发工程师,武汉-洪山区
1.5-3万/月,Python高级开发工程师,上海-闵行区
1-1.5万/月,Python数据分析师,上海
0.7-1.5万/月,Python开发/深度学习,上海-普陀区
8-10万/年,python开发工程师,武汉-江夏区
20-30万/年,华为德科联合招聘Java Python AI工程师,上海-浦东新区
0.8-1.6万/月,数据分析师（Python线索采集）,上海-嘉定区
1.3-2.5万/月,后台开发工程师-Java Python,深圳-南山区
1.2-2.4万/月,Python开发工程师,上海-杨浦区
1.5-3万/月,Python开发工程师,上海
0.7-1万/月,Python开发工程师,上海-浦东新区
0.8-1.2万/月,Python开发工程师,异地招聘
0.5-1.5万/月,Python高级开发工程师,武汉-江汉区
0.8-1.3万/月,python爬虫工程师,武汉-洪山区
0.8-1.2万/月,Python开发测试工程师,上海-浦东新区
1-1.6万/月,Python开发工程师,上海-浦东新区
0.7-1.3万/月,Python开发工程师,广州-番禺区
1-1.5万/月,Python开发工程师 (Linux熟练）,上海-闵行区
1.3-1.8万/月,Python开发工程师,上海-闵行区
1-1.5万/月,python服务端工程师,广州-天河区
0.7-1万/月,python开发工程师,上海-松江区
1-1.5万/月,python爬虫开发工程师,深圳-南山区
1-1.5万/月,Python开发工程师,上海
1-1.5万/月,Python开发工程师,深圳-龙岗区
,Python开发工程师,上海
1-2万/月,Python开发工程师,异地招聘
0.8-1.5万/月,高学历人才储备（Python开发经理）,武汉-汉阳区
1-1.5万/月,Python工程师   西丽,深圳-南山区
1.1-1.7万/月,Python开发工程师,广州-番禺区
,软件测试（C、Python）工程师,上海
1-2万/月,Python开发工程师,上海
1.2-2.5万/月,高级Python开发,深圳-龙岗区
1-1.5万/月,Python开发人员,上海-松江区
2.5-4万/月,Python开发工程师 - 变现业务,北京
3-5.5千/月,python开发实习生,武汉-洪山区
0.8-1.5万/月,python,上海-徐汇区
1.5-2万/月,Python 开发工程师,深圳
1.5-2万/月,Python工程师,上海-浦东新区
0.8-1.5万/月,Python开发工程师,武汉-洪山区
1.1-2万/月,Python 后台开发工程师,上海-徐汇区
0.6-1.6万/月,Python/Odoo开发工程师,上海
1-2万/月,Python后端开发工程师,北京-朝阳区
1-1.5万/月,Python数据分析工程师,上海-浦东新区
1-2万/月,Python开发工程师,广州-海珠区
6-8千/月,Python编程教师,北京-通州区
0.8-1.5万/月,Python数据分析师,上海-闵行区
2-2.5万/月,Python开发经理,上海-浦东新区
2.5-3万/月,Python工程师,北京
1-1.5万/月,Python开发工程师（广州）,广州-天河区
0.7-1.5万/月,Python开发工程师,异地招聘
1-1.5万/月,python后台开发工程师,上海-普陀区
0.8-1.2万/月,Python开发工程师,武汉-洪山区
1.5-3万/月,Python高级开发工程师,上海-闵行区
1-1.5万/月,Python数据分析师,上海
0.7-1.5万/月,Python开发/深度学习,上海-普陀区
8-10万/年,python开发工程师,武汉-江夏区
20-30万/年,华为德科联合招聘Java Python AI工程师,上海-浦东新区
0.8-1.6万/月,数据分析师（Python线索采集）,上海-嘉定区
1.3-2.5万/月,后台开发工程师-Java Python,深圳-南山区
1.2-2.4万/月,Python开发工程师,上海-杨浦区
1.5-3万/月,Python开发工程师,上海
0.7-1万/月,Python开发工程师,上海-浦东新区
0.8-1.2万/月,Python开发工程师,异地招聘
0.5-1.5万/月,Python高级开发工程师,武汉-江汉区
0.8-1.3万/月,python爬虫工程师,武汉-洪山区
0.8-1.2万/月,Python开发测试工程师,上海-浦东新区
1-1.6万/月,Python开发工程师,上海-浦东新区
0.7-1.3万/月,Python开发工程师,广州-番禺区
1-1.5万/月,Python开发工程师 (Linux熟练）,上海-闵行区
1.3-1.8万/月,Python开发工程师,上海-闵行区
1-1.5万/月,python服务端工程师,广州-天河区
0.7-1万/月,python开发工程师,上海-松江区
1-1.5万/月,python爬虫开发工程师,深圳-南山区
1-1.5万/月,Python开发工程师,上海
1-1.5万/月,Python开发工程师,深圳-龙岗区
,Python开发工程师,上海
1-2万/月,Python开发工程师,异地招聘
0.8-1.5万/月,高学历人才储备（Python开发经理）,武汉-汉阳区
1-1.5万/月,Python工程师   西丽,深圳-南山区
1.1-1.7万/月,Python开发工程师,广州-番禺区
,软件测试（C、Python）工程师,上海
1-2万/月,Python开发工程师,上海
1.2-2.5万/月,高级Python开发,深圳-龙岗区
1-1.5万/月,Python开发人员,上海-松江区
2.5-4万/月,Python开发工程师 - 变现业务,北京
3-5.5千/月,python开发实习生,武汉-洪山区
0.8-1.5万/月,python,上海-徐汇区
1.5-2万/月,Python 开发工程师,深圳
1.5-2万/月,Python工程师,上海-浦东新区
0.8-1.5万/月,Python开发工程师,武汉-洪山区
1.1-2万/月,Python 后台开发工程师,上海-徐汇区
0.6-1.6万/月,Python/Odoo开发工程师,上海
1-2万/月,Python后端开发工程师,北京-朝阳区
1-1.5万/月,Python数据分析工程师,上海-浦东新区
1-2万/月,Python开发工程师,广州-海珠区
6-8千/月,Python编程教师,北京-通州区
0.8-1.5万/月,Python数据分析师,上海-闵行区
2-2.5万/月,Python开发经理,上海-浦东新区
2.5-3万/月,Python工程师,北京
1-1.5万/月,Python开发工程师（广州）,广州-天河区
0.7-1.5万/月,Python开发工程师,异地招聘
1-1.5万/月,python后台开发工程师,上海-普陀区
0.8-1.2万/月,Python开发工程师,武汉-洪山区
1.5-3万/月,Python高级开发工程师,上海-闵行区
1-1.5万/月,Python数据分析师,上海
0.7-1.5万/月,Python开发/深度学习,上海-普陀区
8-10万/年,python开发工程师,武汉-江夏区
20-30万/年,华为德科联合招聘Java Python AI工程师,上海-浦东新区
0.8-1.6万/月,数据分析师（Python线索采集）,上海-嘉定区
1.3-2.5万/月,后台开发工程师-Java Python,深圳-南山区
1.2-2.4万/月,Python开发工程师,上海-杨浦区
1.5-3万/月,Python开发工程师,上海
0.7-1万/月,Python开发工程师,上海-浦东新区
0.8-1.2万/月,Python开发工程师,异地招聘
0.5-1.5万/月,Python高级开发工程师,武汉-江汉区
0.8-1.3万/月,python爬虫工程师,武汉-洪山区
0.8-1.2万/月,Python开发测试工程师,上海-浦东新区
1-1.6万/月,Python开发工程师,上海-浦东新区
0.7-1.3万/月,Python开发工程师,广州-番禺区
1-1.5万/月,Python开发工程师 (Linux熟练）,上海-闵行区
1.3-1.8万/月,Python开发工程师,上海-闵行区
1-1.5万/月,python服务端工程师,广州-天河区
0.7-1万/月,python开发工程师,上海-松江区
1-1.5万/月,python爬虫开发工程师,深圳-南山区
1-1.5万/月,Python开发工程师,上海
1-1.5万/月,Python开发工程师,深圳-龙岗区
,Python开发工程师,上海
1-2万/月,Python开发工程师,异地招聘
0.8-1.5万/月,高学历人才储备（Python开发经理）,武汉-汉阳区
1-1.5万/月,Python工程师   西丽,深圳-南山区
1.1-1.7万/月,Python开发工程师,广州-番禺区
,软件测试（C、Python）工程师,上海
1-2万/月,Python开发工程师,上海
1.2-2.5万/月,高级Python开发,深圳-龙岗区
1-1.5万/月,Python开发人员,上海-松江区
2.5-4万/月,Python开发工程师 - 变现业务,北京
3-5.5千/月,python开发实习生,武汉-洪山区
0.8-1.5万/月,python,上海-徐汇区
1.5-2万/月,Python 开发工程师,深圳
1.5-2万/月,Python工程师,上海-浦东新区
0.8-1.5万/月,Python开发工程师,武汉-洪山区
1.1-2万/月,Python 后台开发工程师,上海-徐汇区
0.6-1.6万/月,Python/Odoo开发工程师,上海
1-2万/月,Python后端开发工程师,北京-朝阳区
1-1.5万/月,Python数据分析工程师,上海-浦东新区
1-2万/月,Python开发工程师,广州-海珠区
6-8千/月,Python编程教师,北京-通州区
0.8-1.5万/月,Python数据分析师,上海-闵行区
2-2.5万/月,Python开发经理,上海-浦东新区
2.5-3万/月,Python工程师,北京
1-1.5万/月,Python开发工程师（广州）,广州-天河区
0.7-1.5万/月,Python开发工程师,异地招聘
1-1.5万/月,python后台开发工程师,上海-普陀区
0.8-1.2万/月,Python开发工程师,武汉-洪山区
1.5-3万/月,Python高级开发工程师,上海-闵行区
1-1.5万/月,Python数据分析师,上海
0.7-1.5万/月,Python开发/深度学习,上海-普陀区
8-10万/年,python开发工程师,武汉-江夏区
20-30万/年,华为德科联合招聘Java Python AI工程师,上海-浦东新区
0.8-1.6万/月,数据分析师（Python线索采集）,上海-嘉定区
1.3-2.5万/月,后台开发工程师-Java Python,深圳-南山区
1.2-2.4万/月,Python开发工程师,上海-杨浦区
1.5-3万/月,Python开发工程师,上海
0.7-1万/月,Python开发工程师,上海-浦东新区
0.8-1.2万/月,Python开发工程师,异地招聘
0.5-1.5万/月,Python高级开发工程师,武汉-江汉区
0.8-1.3万/月,python爬虫工程师,武汉-洪山区
0.8-1.2万/月,Python开发测试工程师,上海-浦东新区
1-1.6万/月,Python开发工程师,上海-浦东新区
0.7-1.3万/月,Python开发工程师,广州-番禺区
1-1.5万/月,Python开发工程师 (Linux熟练）,上海-闵行区
1.3-1.8万/月,Python开发工程师,上海-闵行区
1-1.5万/月,python服务端工程师,广州-天河区
0.7-1万/月,python开发工程师,上海-松江区
1-1.5万/月,python爬虫开发工程师,深圳-南山区
1-1.5万/月,Python开发工程师,上海
1-1.5万/月,Python开发工程师,深圳-龙岗区
,Python开发工程师,上海
1-2万/月,Python开发工程师,异地招聘
0.8-1.5万/月,高学历人才储备（Python开发经理）,武汉-汉阳区
1-1.5万/月,Python工程师   西丽,深圳-南山区
1.1-1.7万/月,Python开发工程师,广州-番禺区
,软件测试（C、Python）工程师,上海
1-2万/月,Python开发工程师,上海
1.2-2.5万/月,高级Python开发,深圳-龙岗区
1-1.5万/月,Python开发人员,上海-松江区
2.5-4万/月,Python开发工程师 - 变现业务,北京
3-5.5千/月,python开发实习生,武汉-洪山区
0.8-1.5万/月,python,上海-徐汇区
1.5-2万/月,Python 开发工程师,深圳
1.5-2万/月,Python工程师,上海-浦东新区
0.8-1.5万/月,Python开发工程师,武汉-洪山区
1.1-2万/月,Python 后台开发工程师,上海-徐汇区
0.6-1.6万/月,Python/Odoo开发工程师,上海
1-2万/月,Python后端开发工程师,北京-朝阳区
1-1.5万/月,Python数据分析工程师,上海-浦东新区
1-2万/月,Python开发工程师,广州-海珠区
6-8千/月,Python编程教师,北京-通州区
0.8-1.5万/月,Python数据分析师,上海-闵行区
2-2.5万/月,Python开发经理,上海-浦东新区
2.5-3万/月,Python工程师,北京
1-1.5万/月,Python开发工程师（广州）,广州-天河区
0.7-1.5万/月,Python开发工程师,异地招聘
1-1.5万/月,python后台开发工程师,上海-普陀区
0.8-1.2万/月,Python开发工程师,武汉-洪山区
1.5-3万/月,Python高级开发工程师,上海-闵行区
1-1.5万/月,Python数据分析师,上海
0.7-1.5万/月,Python开发/深度学习,上海-普陀区
