1.1,上海-嘉定区,数据分析师（Python线索采集）
1.8,深圳-南山区,后台开发工程师-Java Python
1.7,上海-杨浦区,Python开发工程师
2.1,上海,Python开发工程师
0.8,上海-浦东新区,Python开发工程师
1.0,异地招聘,Python开发工程师
0.9,武汉-江汉区,Python高级开发工程师
1.0,武汉-洪山区,python爬虫工程师
1.0,上海-浦东新区,Python开发测试工程师
1.2,上海-浦东新区,Python开发工程师
0.9,广州-番禺区,Python开发工程师
1.2,上海-闵行区,Python开发工程师 (Linux熟练）
1.5,上海-闵行区,Python开发工程师
1.2,广州-天河区,python服务端工程师
0.8,上海-松江区,python开发工程师
1.2,深圳-南山区,python爬虫开发工程师
1.2,上海,Python开发工程师
1.2,深圳-龙岗区,Python开发工程师
1.4,异地招聘,Python开发工程师
1.1,武汉-汉阳区,高学历人才储备（Python开发经理）
1.2,深圳-南山区,Python工程师   西丽
1.3,广州-番禺区,Python开发工程师
1.4,上海,Python开发工程师
1.7,深圳-龙岗区,高级Python开发
1.2,上海-松江区,Python开发人员
3.1,北京,Python开发工程师 - 变现业务
1.1,上海-徐汇区,python
1.7,深圳,Python 开发工程师
1.7,上海-浦东新区,Python工程师
1.1,武汉-洪山区,Python开发工程师
1.5,上海-徐汇区,Python 后台开发工程师
1.0,上海,Python/Odoo开发工程师
1.4,北京-朝阳区,Python后端开发工程师
1.2,上海-浦东新区,Python数据分析工程师
1.4,广州-海珠区,Python开发工程师
1.1,上海-闵行区,Python数据分析师
2.2,上海-浦东新区,Python开发经理
2.7,北京,Python工程师
1.2,广州-天河区,Python开发工程师（广州）
1.0,异地招聘,Python开发工程师
1.2,上海-普陀区,python后台开发工程师
1.0,武汉-洪山区,Python开发工程师
2.1,上海-闵行区,Python高级开发工程师
1.2,上海,Python数据分析师
1.0,上海-普陀区,Python开发/深度学习
1.1,上海-嘉定区,数据分析师（Python线索采集）
1.8,深圳-南山区,后台开发工程师-Java Python
1.7,上海-杨浦区,Python开发工程师
2.1,上海,Python开发工程师
0.8,上海-浦东新区,Python开发工程师
1.0,异地招聘,Python开发工程师
0.9,武汉-江汉区,Python高级开发工程师
1.0,武汉-洪山区,python爬虫工程师
1.0,上海-浦东新区,Python开发测试工程师
1.2,上海-浦东新区,Python开发工程师
0.9,广州-番禺区,Python开发工程师
1.2,上海-闵行区,Python开发工程师 (Linux熟练）
1.5,上海-闵行区,Python开发工程师
1.2,广州-天河区,python服务端工程师
0.8,上海-松江区,python开发工程师
1.2,深圳-南山区,python爬虫开发工程师
1.2,上海,Python开发工程师
1.2,深圳-龙岗区,Python开发工程师
1.4,异地招聘,Python开发工程师
1.1,武汉-汉阳区,高学历人才储备（Python开发经理）
1.2,深圳-南山区,Python工程师   西丽
1.3,广州-番禺区,Python开发工程师
1.4,上海,Python开发工程师
1.7,深圳-龙岗区,高级Python开发
1.2,上海-松江区,Python开发人员
3.1,北京,Python开发工程师 - 变现业务
1.1,上海-徐汇区,python
1.7,深圳,Python 开发工程师
1.7,上海-浦东新区,Python工程师
1.1,武汉-洪山区,Python开发工程师
1.5,上海-徐汇区,Python 后台开发工程师
1.0,上海,Python/Odoo开发工程师
1.4,北京-朝阳区,Python后端开发工程师
1.2,上海-浦东新区,Python数据分析工程师
1.4,广州-海珠区,Python开发工程师
1.1,上海-闵行区,Python数据分析师
2.2,上海-浦东新区,Python开发经理
2.7,北京,Python工程师
1.2,广州-天河区,Python开发工程师（广州）
1.0,异地招聘,Python开发工程师
1.2,上海-普陀区,python后台开发工程师
1.0,武汉-洪山区,Python开发工程师
2.1,上海-闵行区,Python高级开发工程师
1.2,上海,Python数据分析师
1.0,上海-普陀区,Python开发/深度学习
1.1,上海-嘉定区,数据分析师（Python线索采集）
1.8,深圳-南山区,后台开发工程师-Java Python
1.7,上海-杨浦区,Python开发工程师
2.1,上海,Python开发工程师
0.8,上海-浦东新区,Python开发工程师
1.0,异地招聘,Python开发工程师
0.9,武汉-江汉区,Python高级开发工程师
1.0,武汉-洪山区,python爬虫工程师
1.0,上海-浦东新区,Python开发测试工程师
1.2,上海-浦东新区,Python开发工程师
0.9,广州-番禺区,Python开发工程师
1.2,上海-闵行区,Python开发工程师 (Linux熟练）
1.5,上海-闵行区,Python开发工程师
1.2,广州-天河区,python服务端工程师
0.8,上海-松江区,python开发工程师
1.2,深圳-南山区,python爬虫开发工程师
1.2,上海,Python开发工程师
1.2,深圳-龙岗区,Python开发工程师
1.4,异地招聘,Python开发工程师
1.1,武汉-汉阳区,高学历人才储备（Python开发经理）
1.2,深圳-南山区,Python工程师   西丽
1.3,广州-番禺区,Python开发工程师
1.4,上海,Python开发工程师
1.7,深圳-龙岗区,高级Python开发
1.2,上海-松江区,Python开发人员
3.1,北京,Python开发工程师 - 变现业务
1.1,上海-徐汇区,python
1.7,深圳,Python 开发工程师
1.7,上海-浦东新区,Python工程师
1.1,武汉-洪山区,Python开发工程师
1.5,上海-徐汇区,Python 后台开发工程师
1.0,上海,Python/Odoo开发工程师
1.4,北京-朝阳区,Python后端开发工程师
1.2,上海-浦东新区,Python数据分析工程师
1.4,广州-海珠区,Python开发工程师
1.1,上海-闵行区,Python数据分析师
2.2,上海-浦东新区,Python开发经理
2.7,北京,Python工程师
1.2,广州-天河区,Python开发工程师（广州）
1.0,异地招聘,Python开发工程师
1.2,上海-普陀区,python后台开发工程师
1.0,武汉-洪山区,Python开发工程师
2.1,上海-闵行区,Python高级开发工程师
1.2,上海,Python数据分析师
1.0,上海-普陀区,Python开发/深度学习
1.1,上海-嘉定区,数据分析师（Python线索采集）
1.8,深圳-南山区,后台开发工程师-Java Python
1.7,上海-杨浦区,Python开发工程师
2.1,上海,Python开发工程师
0.8,上海-浦东新区,Python开发工程师
1.0,异地招聘,Python开发工程师
0.9,武汉-江汉区,Python高级开发工程师
1.0,武汉-洪山区,python爬虫工程师
1.0,上海-浦东新区,Python开发测试工程师
1.2,上海-浦东新区,Python开发工程师
0.9,广州-番禺区,Python开发工程师
1.2,上海-闵行区,Python开发工程师 (Linux熟练）
1.5,上海-闵行区,Python开发工程师
1.2,广州-天河区,python服务端工程师
0.8,上海-松江区,python开发工程师
1.2,深圳-南山区,python爬虫开发工程师
1.2,上海,Python开发工程师
1.2,深圳-龙岗区,Python开发工程师
1.4,异地招聘,Python开发工程师
1.1,武汉-汉阳区,高学历人才储备（Python开发经理）
1.2,深圳-南山区,Python工程师   西丽
1.3,广州-番禺区,Python开发工程师
1.4,上海,Python开发工程师
1.7,深圳-龙岗区,高级Python开发
1.2,上海-松江区,Python开发人员
3.1,北京,Python开发工程师 - 变现业务
1.1,上海-徐汇区,python
1.7,深圳,Python 开发工程师
1.7,上海-浦东新区,Python工程师
1.1,武汉-洪山区,Python开发工程师
1.5,上海-徐汇区,Python 后台开发工程师
1.0,上海,Python/Odoo开发工程师
1.4,北京-朝阳区,Python后端开发工程师
1.2,上海-浦东新区,Python数据分析工程师
1.4,广州-海珠区,Python开发工程师
1.1,上海-闵行区,Python数据分析师
2.2,上海-浦东新区,Python开发经理
2.7,北京,Python工程师
1.2,广州-天河区,Python开发工程师（广州）
1.0,异地招聘,Python开发工程师
1.2,上海-普陀区,python后台开发工程师
1.0,武汉-洪山区,Python开发工程师
2.1,上海-闵行区,Python高级开发工程师
1.2,上海,Python数据分析师
1.0,上海-普陀区,Python开发/深度学习
1.1,上海-嘉定区,数据分析师（Python线索采集）
1.8,深圳-南山区,后台开发工程师-Java Python
1.7,上海-杨浦区,Python开发工程师
2.1,上海,Python开发工程师
0.8,上海-浦东新区,Python开发工程师
1.0,异地招聘,Python开发工程师
0.9,武汉-江汉区,Python高级开发工程师
1.0,武汉-洪山区,python爬虫工程师
1.0,上海-浦东新区,Python开发测试工程师
1.2,上海-浦东新区,Python开发工程师
0.9,广州-番禺区,Python开发工程师
1.2,上海-闵行区,Python开发工程师 (Linux熟练）
1.5,上海-闵行区,Python开发工程师
1.2,广州-天河区,python服务端工程师
0.8,上海-松江区,python开发工程师
1.2,深圳-南山区,python爬虫开发工程师
1.2,上海,Python开发工程师
1.2,深圳-龙岗区,Python开发工程师
1.4,异地招聘,Python开发工程师
1.1,武汉-汉阳区,高学历人才储备（Python开发经理）
1.2,深圳-南山区,Python工程师   西丽
1.3,广州-番禺区,Python开发工程师
1.4,上海,Python开发工程师
1.7,深圳-龙岗区,高级Python开发
1.2,上海-松江区,Python开发人员
3.1,北京,Python开发工程师 - 变现业务
1.1,上海-徐汇区,python
1.7,深圳,Python 开发工程师
1.7,上海-浦东新区,Python工程师
1.1,武汉-洪山区,Python开发工程师
1.5,上海-徐汇区,Python 后台开发工程师
1.0,上海,Python/Odoo开发工程师
1.4,北京-朝阳区,Python后端开发工程师
1.2,上海-浦东新区,Python数据分析工程师
1.4,广州-海珠区,Python开发工程师
1.1,上海-闵行区,Python数据分析师
2.2,上海-浦东新区,Python开发经理
2.7,北京,Python工程师
1.2,广州-天河区,Python开发工程师（广州）
1.0,异地招聘,Python开发工程师
1.2,上海-普陀区,python后台开发工程师
1.0,武汉-洪山区,Python开发工程师
2.1,上海-闵行区,Python高级开发工程师
1.2,上海,Python数据分析师
1.0,上海-普陀区,Python开发/深度学习
1.1,上海-嘉定区,数据分析师（Python线索采集）
1.8,深圳-南山区,后台开发工程师-Java Python
1.7,上海-杨浦区,Python开发工程师
2.1,上海,Python开发工程师
0.8,上海-浦东新区,Python开发工程师
1.0,异地招聘,Python开发工程师
0.9,武汉-江汉区,Python高级开发工程师
1.0,武汉-洪山区,python爬虫工程师
1.0,上海-浦东新区,Python开发测试工程师
1.2,上海-浦东新区,Python开发工程师
0.9,广州-番禺区,Python开发工程师
1.2,上海-闵行区,Python开发工程师 (Linux熟练）
1.5,上海-闵行区,Python开发工程师
1.2,广州-天河区,python服务端工程师
0.8,上海-松江区,python开发工程师
1.2,深圳-南山区,python爬虫开发工程师
1.2,上海,Python开发工程师
1.2,深圳-龙岗区,Python开发工程师
1.4,异地招聘,Python开发工程师
1.1,武汉-汉阳区,高学历人才储备（Python开发经理）
1.2,深圳-南山区,Python工程师   西丽
1.3,广州-番禺区,Python开发工程师
1.4,上海,Python开发工程师
1.7,深圳-龙岗区,高级Python开发
1.2,上海-松江区,Python开发人员
3.1,北京,Python开发工程师 - 变现业务
1.1,上海-徐汇区,python
1.7,深圳,Python 开发工程师
1.7,上海-浦东新区,Python工程师
1.1,武汉-洪山区,Python开发工程师
1.5,上海-徐汇区,Python 后台开发工程师
1.0,上海,Python/Odoo开发工程师
1.4,北京-朝阳区,Python后端开发工程师
1.2,上海-浦东新区,Python数据分析工程师
1.4,广州-海珠区,Python开发工程师
1.1,上海-闵行区,Python数据分析师
2.2,上海-浦东新区,Python开发经理
2.7,北京,Python工程师
1.2,广州-天河区,Python开发工程师（广州）
1.0,异地招聘,Python开发工程师
1.2,上海-普陀区,python后台开发工程师
1.0,武汉-洪山区,Python开发工程师
2.1,上海-闵行区,Python高级开发工程师
1.2,上海,Python数据分析师
1.0,上海-普陀区,Python开发/深度学习
1.1,上海-嘉定区,数据分析师（Python线索采集）
1.8,深圳-南山区,后台开发工程师-Java Python
1.7,上海-杨浦区,Python开发工程师
2.1,上海,Python开发工程师
0.8,上海-浦东新区,Python开发工程师
1.0,异地招聘,Python开发工程师
0.9,武汉-江汉区,Python高级开发工程师
1.0,武汉-洪山区,python爬虫工程师
1.0,上海-浦东新区,Python开发测试工程师
1.2,上海-浦东新区,Python开发工程师
0.9,广州-番禺区,Python开发工程师
1.2,上海-闵行区,Python开发工程师 (Linux熟练）
1.5,上海-闵行区,Python开发工程师
1.2,广州-天河区,python服务端工程师
0.8,上海-松江区,python开发工程师
1.2,深圳-南山区,python爬虫开发工程师
1.2,上海,Python开发工程师
1.2,深圳-龙岗区,Python开发工程师
1.4,异地招聘,Python开发工程师
1.1,武汉-汉阳区,高学历人才储备（Python开发经理）
1.2,深圳-南山区,Python工程师   西丽
1.3,广州-番禺区,Python开发工程师
1.4,上海,Python开发工程师
1.7,深圳-龙岗区,高级Python开发
1.2,上海-松江区,Python开发人员
3.1,北京,Python开发工程师 - 变现业务
1.1,上海-徐汇区,python
1.7,深圳,Python 开发工程师
1.7,上海-浦东新区,Python工程师
1.1,武汉-洪山区,Python开发工程师
1.5,上海-徐汇区,Python 后台开发工程师
1.0,上海,Python/Odoo开发工程师
1.4,北京-朝阳区,Python后端开发工程师
1.2,上海-浦东新区,Python数据分析工程师
1.4,广州-海珠区,Python开发工程师
1.1,上海-闵行区,Python数据分析师
2.2,上海-浦东新区,Python开发经理
2.7,北京,Python工程师
1.2,广州-天河区,Python开发工程师（广州）
1.0,异地招聘,Python开发工程师
1.2,上海-普陀区,python后台开发工程师
1.0,武汉-洪山区,Python开发工程师
2.1,上海-闵行区,Python高级开发工程师
1.2,上海,Python数据分析师
1.0,上海-普陀区,Python开发/深度学习
1.1,上海-嘉定区,数据分析师（Python线索采集）
1.8,深圳-南山区,后台开发工程师-Java Python
1.7,上海-杨浦区,Python开发工程师
2.1,上海,Python开发工程师
0.8,上海-浦东新区,Python开发工程师
1.0,异地招聘,Python开发工程师
0.9,武汉-江汉区,Python高级开发工程师
1.0,武汉-洪山区,python爬虫工程师
1.0,上海-浦东新区,Python开发测试工程师
1.2,上海-浦东新区,Python开发工程师
0.9,广州-番禺区,Python开发工程师
1.2,上海-闵行区,Python开发工程师 (Linux熟练）
1.5,上海-闵行区,Python开发工程师
1.2,广州-天河区,python服务端工程师
0.8,上海-松江区,python开发工程师
1.2,深圳-南山区,python爬虫开发工程师
1.2,上海,Python开发工程师
1.2,深圳-龙岗区,Python开发工程师
1.4,异地招聘,Python开发工程师
1.1,武汉-汉阳区,高学历人才储备（Python开发经理）
1.2,深圳-南山区,Python工程师   西丽
1.3,广州-番禺区,Python开发工程师
1.4,上海,Python开发工程师
1.7,深圳-龙岗区,高级Python开发
1.2,上海-松江区,Python开发人员
3.1,北京,Python开发工程师 - 变现业务
1.1,上海-徐汇区,python
1.7,深圳,Python 开发工程师
1.7,上海-浦东新区,Python工程师
1.1,武汉-洪山区,Python开发工程师
1.5,上海-徐汇区,Python 后台开发工程师
1.0,上海,Python/Odoo开发工程师
1.4,北京-朝阳区,Python后端开发工程师
1.2,上海-浦东新区,Python数据分析工程师
1.4,广州-海珠区,Python开发工程师
1.1,上海-闵行区,Python数据分析师
2.2,上海-浦东新区,Python开发经理
2.7,北京,Python工程师
1.2,广州-天河区,Python开发工程师（广州）
1.0,异地招聘,Python开发工程师
1.2,上海-普陀区,python后台开发工程师
1.0,武汉-洪山区,Python开发工程师
2.1,上海-闵行区,Python高级开发工程师
1.2,上海,Python数据分析师
1.0,上海-普陀区,Python开发/深度学习
1.1,上海-嘉定区,数据分析师（Python线索采集）
1.8,深圳-南山区,后台开发工程师-Java Python
1.7,上海-杨浦区,Python开发工程师
2.1,上海,Python开发工程师
0.8,上海-浦东新区,Python开发工程师
1.0,异地招聘,Python开发工程师
0.9,武汉-江汉区,Python高级开发工程师
1.0,武汉-洪山区,python爬虫工程师
1.0,上海-浦东新区,Python开发测试工程师
1.2,上海-浦东新区,Python开发工程师
0.9,广州-番禺区,Python开发工程师
1.2,上海-闵行区,Python开发工程师 (Linux熟练）
1.5,上海-闵行区,Python开发工程师
1.2,广州-天河区,python服务端工程师
0.8,上海-松江区,python开发工程师
1.2,深圳-南山区,python爬虫开发工程师
1.2,上海,Python开发工程师
1.2,深圳-龙岗区,Python开发工程师
1.4,异地招聘,Python开发工程师
1.1,武汉-汉阳区,高学历人才储备（Python开发经理）
1.2,深圳-南山区,Python工程师   西丽
1.3,广州-番禺区,Python开发工程师
1.4,上海,Python开发工程师
1.7,深圳-龙岗区,高级Python开发
1.2,上海-松江区,Python开发人员
3.1,北京,Python开发工程师 - 变现业务
1.1,上海-徐汇区,python
1.7,深圳,Python 开发工程师
1.7,上海-浦东新区,Python工程师
1.1,武汉-洪山区,Python开发工程师
1.5,上海-徐汇区,Python 后台开发工程师
1.0,上海,Python/Odoo开发工程师
1.4,北京-朝阳区,Python后端开发工程师
1.2,上海-浦东新区,Python数据分析工程师
1.4,广州-海珠区,Python开发工程师
1.1,上海-闵行区,Python数据分析师
2.2,上海-浦东新区,Python开发经理
2.7,北京,Python工程师
1.2,广州-天河区,Python开发工程师（广州）
1.0,异地招聘,Python开发工程师
1.2,上海-普陀区,python后台开发工程师
1.0,武汉-洪山区,Python开发工程师
2.1,上海-闵行区,Python高级开发工程师
1.2,上海,Python数据分析师
1.0,上海-普陀区,Python开发/深度学习
1.1,上海-嘉定区,数据分析师（Python线索采集）
1.8,深圳-南山区,后台开发工程师-Java Python
1.7,上海-杨浦区,Python开发工程师
2.1,上海,Python开发工程师
0.8,上海-浦东新区,Python开发工程师
1.0,异地招聘,Python开发工程师
0.9,武汉-江汉区,Python高级开发工程师
1.0,武汉-洪山区,python爬虫工程师
1.0,上海-浦东新区,Python开发测试工程师
1.2,上海-浦东新区,Python开发工程师
0.9,广州-番禺区,Python开发工程师
1.2,上海-闵行区,Python开发工程师 (Linux熟练）
1.5,上海-闵行区,Python开发工程师
1.2,广州-天河区,python服务端工程师
0.8,上海-松江区,python开发工程师
1.2,深圳-南山区,python爬虫开发工程师
1.2,上海,Python开发工程师
1.2,深圳-龙岗区,Python开发工程师
1.4,异地招聘,Python开发工程师
1.1,武汉-汉阳区,高学历人才储备（Python开发经理）
1.2,深圳-南山区,Python工程师   西丽
1.3,广州-番禺区,Python开发工程师
1.4,上海,Python开发工程师
1.7,深圳-龙岗区,高级Python开发
1.2,上海-松江区,Python开发人员
3.1,北京,Python开发工程师 - 变现业务
1.1,上海-徐汇区,python
1.7,深圳,Python 开发工程师
1.7,上海-浦东新区,Python工程师
1.1,武汉-洪山区,Python开发工程师
1.5,上海-徐汇区,Python 后台开发工程师
1.0,上海,Python/Odoo开发工程师
1.4,北京-朝阳区,Python后端开发工程师
1.2,上海-浦东新区,Python数据分析工程师
1.4,广州-海珠区,Python开发工程师
1.1,上海-闵行区,Python数据分析师
2.2,上海-浦东新区,Python开发经理
2.7,北京,Python工程师
1.2,广州-天河区,Python开发工程师（广州）
1.0,异地招聘,Python开发工程师
1.2,上海-普陀区,python后台开发工程师
1.0,武汉-洪山区,Python开发工程师
2.1,上海-闵行区,Python高级开发工程师
1.2,上海,Python数据分析师
1.0,上海-普陀区,Python开发/深度学习
1.1,上海-嘉定区,数据分析师（Python线索采集）
1.8,深圳-南山区,后台开发工程师-Java Python
1.7,上海-杨浦区,Python开发工程师
2.1,上海,Python开发工程师
0.8,上海-浦东新区,Python开发工程师
1.0,异地招聘,Python开发工程师
0.9,武汉-江汉区,Python高级开发工程师
1.0,武汉-洪山区,python爬虫工程师
1.0,上海-浦东新区,Python开发测试工程师
1.2,上海-浦东新区,Python开发工程师
0.9,广州-番禺区,Python开发工程师
1.2,上海-闵行区,Python开发工程师 (Linux熟练）
1.5,上海-闵行区,Python开发工程师
1.2,广州-天河区,python服务端工程师
0.8,上海-松江区,python开发工程师
1.2,深圳-南山区,python爬虫开发工程师
1.2,上海,Python开发工程师
1.2,深圳-龙岗区,Python开发工程师
1.4,异地招聘,Python开发工程师
1.1,武汉-汉阳区,高学历人才储备（Python开发经理）
1.2,深圳-南山区,Python工程师   西丽
1.3,广州-番禺区,Python开发工程师
1.4,上海,Python开发工程师
1.7,深圳-龙岗区,高级Python开发
1.2,上海-松江区,Python开发人员
3.1,北京,Python开发工程师 - 变现业务
1.1,上海-徐汇区,python
1.7,深圳,Python 开发工程师
1.7,上海-浦东新区,Python工程师
1.1,武汉-洪山区,Python开发工程师
1.5,上海-徐汇区,Python 后台开发工程师
1.0,上海,Python/Odoo开发工程师
1.4,北京-朝阳区,Python后端开发工程师
1.2,上海-浦东新区,Python数据分析工程师
1.4,广州-海珠区,Python开发工程师
1.1,上海-闵行区,Python数据分析师
2.2,上海-浦东新区,Python开发经理
2.7,北京,Python工程师
1.2,广州-天河区,Python开发工程师（广州）
1.0,异地招聘,Python开发工程师
1.2,上海-普陀区,python后台开发工程师
1.0,武汉-洪山区,Python开发工程师
2.1,上海-闵行区,Python高级开发工程师
1.2,上海,Python数据分析师
1.0,上海-普陀区,Python开发/深度学习
1.1,上海-嘉定区,数据分析师（Python线索采集）
1.8,深圳-南山区,后台开发工程师-Java Python
1.7,上海-杨浦区,Python开发工程师
2.1,上海,Python开发工程师
0.8,上海-浦东新区,Python开发工程师
1.0,异地招聘,Python开发工程师
0.9,武汉-江汉区,Python高级开发工程师
1.0,武汉-洪山区,python爬虫工程师
1.0,上海-浦东新区,Python开发测试工程师
1.2,上海-浦东新区,Python开发工程师
0.9,广州-番禺区,Python开发工程师
1.2,上海-闵行区,Python开发工程师 (Linux熟练）
1.5,上海-闵行区,Python开发工程师
1.2,广州-天河区,python服务端工程师
0.8,上海-松江区,python开发工程师
1.2,深圳-南山区,python爬虫开发工程师
1.2,上海,Python开发工程师
1.2,深圳-龙岗区,Python开发工程师
1.4,异地招聘,Python开发工程师
1.1,武汉-汉阳区,高学历人才储备（Python开发经理）
1.2,深圳-南山区,Python工程师   西丽
1.3,广州-番禺区,Python开发工程师
1.4,上海,Python开发工程师
1.7,深圳-龙岗区,高级Python开发
1.2,上海-松江区,Python开发人员
3.1,北京,Python开发工程师 - 变现业务
1.1,上海-徐汇区,python
1.7,深圳,Python 开发工程师
1.7,上海-浦东新区,Python工程师
1.1,武汉-洪山区,Python开发工程师
1.5,上海-徐汇区,Python 后台开发工程师
1.0,上海,Python/Odoo开发工程师
1.4,北京-朝阳区,Python后端开发工程师
1.2,上海-浦东新区,Python数据分析工程师
1.4,广州-海珠区,Python开发工程师
1.1,上海-闵行区,Python数据分析师
2.2,上海-浦东新区,Python开发经理
2.7,北京,Python工程师
1.2,广州-天河区,Python开发工程师（广州）
1.0,异地招聘,Python开发工程师
1.2,上海-普陀区,python后台开发工程师
1.0,武汉-洪山区,Python开发工程师
2.1,上海-闵行区,Python高级开发工程师
1.2,上海,Python数据分析师
1.0,上海-普陀区,Python开发/深度学习
1.1,上海-嘉定区,数据分析师（Python线索采集）
1.8,深圳-南山区,后台开发工程师-Java Python
1.7,上海-杨浦区,Python开发工程师
2.1,上海,Python开发工程师
0.8,上海-浦东新区,Python开发工程师
1.0,异地招聘,Python开发工程师
0.9,武汉-江汉区,Python高级开发工程师
1.0,武汉-洪山区,python爬虫工程师
1.0,上海-浦东新区,Python开发测试工程师
1.2,上海-浦东新区,Python开发工程师
0.9,广州-番禺区,Python开发工程师
1.2,上海-闵行区,Python开发工程师 (Linux熟练）
1.5,上海-闵行区,Python开发工程师
1.2,广州-天河区,python服务端工程师
0.8,上海-松江区,python开发工程师
1.2,深圳-南山区,python爬虫开发工程师
1.2,上海,Python开发工程师
1.2,深圳-龙岗区,Python开发工程师
1.4,异地招聘,Python开发工程师
1.1,武汉-汉阳区,高学历人才储备（Python开发经理）
1.2,深圳-南山区,Python工程师   西丽
1.3,广州-番禺区,Python开发工程师
1.4,上海,Python开发工程师
1.7,深圳-龙岗区,高级Python开发
1.2,上海-松江区,Python开发人员
3.1,北京,Python开发工程师 - 变现业务
1.1,上海-徐汇区,python
1.7,深圳,Python 开发工程师
1.7,上海-浦东新区,Python工程师
1.1,武汉-洪山区,Python开发工程师
1.5,上海-徐汇区,Python 后台开发工程师
1.0,上海,Python/Odoo开发工程师
1.4,北京-朝阳区,Python后端开发工程师
1.2,上海-浦东新区,Python数据分析工程师
1.4,广州-海珠区,Python开发工程师
1.1,上海-闵行区,Python数据分析师
2.2,上海-浦东新区,Python开发经理
2.7,北京,Python工程师
1.2,广州-天河区,Python开发工程师（广州）
1.0,异地招聘,Python开发工程师
1.2,上海-普陀区,python后台开发工程师
1.0,武汉-洪山区,Python开发工程师
2.1,上海-闵行区,Python高级开发工程师
1.2,上海,Python数据分析师
1.0,上海-普陀区,Python开发/深度学习
1.1,上海-嘉定区,数据分析师（Python线索采集）
1.8,深圳-南山区,后台开发工程师-Java Python
1.7,上海-杨浦区,Python开发工程师
2.1,上海,Python开发工程师
0.8,上海-浦东新区,Python开发工程师
1.0,异地招聘,Python开发工程师
0.9,武汉-江汉区,Python高级开发工程师
1.0,武汉-洪山区,python爬虫工程师
1.0,上海-浦东新区,Python开发测试工程师
1.2,上海-浦东新区,Python开发工程师
0.9,广州-番禺区,Python开发工程师
1.2,上海-闵行区,Python开发工程师 (Linux熟练）
1.5,上海-闵行区,Python开发工程师
1.2,广州-天河区,python服务端工程师
0.8,上海-松江区,python开发工程师
1.2,深圳-南山区,python爬虫开发工程师
1.2,上海,Python开发工程师
1.2,深圳-龙岗区,Python开发工程师
1.4,异地招聘,Python开发工程师
1.1,武汉-汉阳区,高学历人才储备（Python开发经理）
1.2,深圳-南山区,Python工程师   西丽
1.3,广州-番禺区,Python开发工程师
1.4,上海,Python开发工程师
1.7,深圳-龙岗区,高级Python开发
1.2,上海-松江区,Python开发人员
3.1,北京,Python开发工程师 - 变现业务
1.1,上海-徐汇区,python
1.7,深圳,Python 开发工程师
1.7,上海-浦东新区,Python工程师
1.1,武汉-洪山区,Python开发工程师
1.5,上海-徐汇区,Python 后台开发工程师
1.0,上海,Python/Odoo开发工程师
1.4,北京-朝阳区,Python后端开发工程师
1.2,上海-浦东新区,Python数据分析工程师
1.4,广州-海珠区,Python开发工程师
1.1,上海-闵行区,Python数据分析师
2.2,上海-浦东新区,Python开发经理
2.7,北京,Python工程师
1.2,广州-天河区,Python开发工程师（广州）
1.0,异地招聘,Python开发工程师
1.2,上海-普陀区,python后台开发工程师
1.0,武汉-洪山区,Python开发工程师
2.1,上海-闵行区,Python高级开发工程师
1.2,上海,Python数据分析师
1.0,上海-普陀区,Python开发/深度学习
1.1,上海-嘉定区,数据分析师（Python线索采集）
1.8,深圳-南山区,后台开发工程师-Java Python
1.7,上海-杨浦区,Python开发工程师
2.1,上海,Python开发工程师
0.8,上海-浦东新区,Python开发工程师
1.0,异地招聘,Python开发工程师
0.9,武汉-江汉区,Python高级开发工程师
1.0,武汉-洪山区,python爬虫工程师
1.0,上海-浦东新区,Python开发测试工程师
1.2,上海-浦东新区,Python开发工程师
0.9,广州-番禺区,Python开发工程师
1.2,上海-闵行区,Python开发工程师 (Linux熟练）
1.5,上海-闵行区,Python开发工程师
1.2,广州-天河区,python服务端工程师
0.8,上海-松江区,python开发工程师
1.2,深圳-南山区,python爬虫开发工程师
1.2,上海,Python开发工程师
1.2,深圳-龙岗区,Python开发工程师
1.4,异地招聘,Python开发工程师
1.1,武汉-汉阳区,高学历人才储备（Python开发经理）
1.2,深圳-南山区,Python工程师   西丽
1.3,广州-番禺区,Python开发工程师
1.4,上海,Python开发工程师
1.7,深圳-龙岗区,高级Python开发
1.2,上海-松江区,Python开发人员
3.1,北京,Python开发工程师 - 变现业务
1.1,上海-徐汇区,python
1.7,深圳,Python 开发工程师
1.7,上海-浦东新区,Python工程师
1.1,武汉-洪山区,Python开发工程师
1.5,上海-徐汇区,Python 后台开发工程师
1.0,上海,Python/Odoo开发工程师
1.4,北京-朝阳区,Python后端开发工程师
1.2,上海-浦东新区,Python数据分析工程师
1.4,广州-海珠区,Python开发工程师
1.1,上海-闵行区,Python数据分析师
2.2,上海-浦东新区,Python开发经理
2.7,北京,Python工程师
1.2,广州-天河区,Python开发工程师（广州）
1.0,异地招聘,Python开发工程师
1.2,上海-普陀区,python后台开发工程师
1.0,武汉-洪山区,Python开发工程师
2.1,上海-闵行区,Python高级开发工程师
1.2,上海,Python数据分析师
1.0,上海-普陀区,Python开发/深度学习
0.7,武汉-江夏区,python开发工程师
2.0,上海-浦东新区,华为德科联合招聘Java Python AI工程师
0.7,武汉-江夏区,python开发工程师
2.0,上海-浦东新区,华为德科联合招聘Java Python AI工程师
0.7,武汉-江夏区,python开发工程师
2.0,上海-浦东新区,华为德科联合招聘Java Python AI工程师
0.7,武汉-江夏区,python开发工程师
2.0,上海-浦东新区,华为德科联合招聘Java Python AI工程师
0.7,武汉-江夏区,python开发工程师
2.0,上海-浦东新区,华为德科联合招聘Java Python AI工程师
0.7,武汉-江夏区,python开发工程师
2.0,上海-浦东新区,华为德科联合招聘Java Python AI工程师
0.7,武汉-江夏区,python开发工程师
2.0,上海-浦东新区,华为德科联合招聘Java Python AI工程师
0.7,武汉-江夏区,python开发工程师
2.0,上海-浦东新区,华为德科联合招聘Java Python AI工程师
0.7,武汉-江夏区,python开发工程师
2.0,上海-浦东新区,华为德科联合招聘Java Python AI工程师
0.7,武汉-江夏区,python开发工程师
2.0,上海-浦东新区,华为德科联合招聘Java Python AI工程师
0.7,武汉-江夏区,python开发工程师
2.0,上海-浦东新区,华为德科联合招聘Java Python AI工程师
0.7,武汉-江夏区,python开发工程师
2.0,上海-浦东新区,华为德科联合招聘Java Python AI工程师
0.7,武汉-江夏区,python开发工程师
2.0,上海-浦东新区,华为德科联合招聘Java Python AI工程师
0.7,武汉-江夏区,python开发工程师
2.0,上海-浦东新区,华为德科联合招聘Java Python AI工程师
0.7,武汉-江夏区,python开发工程师
2.0,上海-浦东新区,华为德科联合招聘Java Python AI工程师
0.4,武汉-洪山区,python开发实习生
0.7,北京-通州区,Python编程教师
0.4,武汉-洪山区,python开发实习生
0.7,北京-通州区,Python编程教师
0.4,武汉-洪山区,python开发实习生
0.7,北京-通州区,Python编程教师
0.4,武汉-洪山区,python开发实习生
0.7,北京-通州区,Python编程教师
0.4,武汉-洪山区,python开发实习生
0.7,北京-通州区,Python编程教师
0.4,武汉-洪山区,python开发实习生
0.7,北京-通州区,Python编程教师
0.4,武汉-洪山区,python开发实习生
0.7,北京-通州区,Python编程教师
0.4,武汉-洪山区,python开发实习生
0.7,北京-通州区,Python编程教师
0.4,武汉-洪山区,python开发实习生
0.7,北京-通州区,Python编程教师
0.4,武汉-洪山区,python开发实习生
0.7,北京-通州区,Python编程教师
0.4,武汉-洪山区,python开发实习生
0.7,北京-通州区,Python编程教师
0.4,武汉-洪山区,python开发实习生
0.7,北京-通州区,Python编程教师
0.4,武汉-洪山区,python开发实习生
0.7,北京-通州区,Python编程教师
0.4,武汉-洪山区,python开发实习生
0.7,北京-通州区,Python编程教师
0.4,武汉-洪山区,python开发实习生
0.7,北京-通州区,Python编程教师
